"","SRR15291516","SRR15291519","SRR15291522"
"GCAGTAGGGAATCTTCCGCAATGGGCGAAAGCCTGACGGAGCAACGCCGCGTGAGTGATGAAGGTCTTCGGATCGTAAAACTCTGTTATTAGGGAAGAACAAGTGCGTAGGTAACTATGCGCACCTTGACGGTACCTAATCAGAAAGCCACGGCTAACTACGTG",28365,2319,24788
"GCAGGCGCGCAAATTACCCACTCCCGACTCGGGGAGGTAGTGACGAAAAATAACAATACAGGACTCTTTCGAGGCCCTGTAATTGGAATGAGTACACTTTAAATCCTTTAACGAGGATCCATTGGAGGGCAAGTCTGGTG",68,29799,4
"GCAGTGGGGAATATTGCACAATGGGGGAAACCCTGATGCAGCCATGCCGCGTGTGTGAAGAAGGCCTTCGGGTTGTAAAGCACTTTCAGCGAGGAGGAAAGGTTGGTAGCTAATAACTGCCAGCTGTGACGTTACTCGCAGAAGAAGCACCGGCTAACTCCGTG",8,5,5255
"GCAGTGGGGAATATTGGACAATGGGCGAAAGCCTGATCCAGCCATGCCGCGTGTGTGAAGAAGGTCTTCGGATTGTAAAGCACTTTAAGTTGGGAGGAAGGGCAGTAAGTTAATACCTTGCTGTTTTGACGTTACCGACAGAATAAGCACCGGCTAACTCTGTG",1517,52,520
"GCAGTAGGGAATCTTCCGCAATGGGCGAAAGCCTGACGGAGCAACGCCGCGTGAGTGATGAAGGTCTTCGGATCGTAAAATTCTGTTATTAGGGAAGAACAAGTGCGTAGGTAACTATGCGCACCTTGACGGTACCTAATCAGAAAGCCACGGCTAACTACGTG",309,0,611
"GCAGTGGGGAATATTGGACAATGGGCGAAAGCCTGATCCAGCCATGCCGCGTGTGTGAAGAAGGTCTTCGGATTGTAAAGCACTTTAAGTTGGGAGGAAGGGCATTAACCTAATACGTTAGTGTTTTGACGTTACCGACAGAATAAGCACCGGCTAACTCTGTG",709,27,180
"GCAGTGGGGAATATTGGACAATGGGCGAAAGCCTGATCCAGCCATGCCGCGTGTGTGAAGAAGGTCTTCGGATTGTAAAGCACTTTAAGTTGGGAGGAAGGGCAGTAAGTTAATACCTTACTGTTTTGACGTTACCGACAGAATAAGCACCGGCTAACTCTGTG",284,0,61
"GCAGTAGGGAATCTTCCGCAATGGGCGAAAGCCTGACGGAGCAACGCCGCGTGAGTGATGAAGGGTTTCGGCTCGTAAAACTCTGTTATTAGGGAAGAACAAGTGCGTAGGTAACTATGCGCACCTTGACGGTACCTAATCAGAAAGCCACGGCTAACTACGTG",147,0,174
"GCAGTGGGGAATTTTCCGCAATGGGCGAAAGCCTGACGGAGCAATGCCGCGTGAAGGTAGAAGGCCTACGGGTCATGAACTTCTTTTCCCGGAGAAGAAGCAATGACGGTATCCGGGGAATAAGCATCGGCTAACTCTGTG",37,185,38
"GCAGTGGGGAATTTTGGACAATGGGGGCAACCCTGATCCAGCAATGCCGCGTGTGTGAAGAAGGCCTTCGGGTTGTAAAGCACTTTTGTCCGGAAAGAAAACGTCGTGGTTAATACCCGTGGCGGCTGACGGTACCGGAAGAATAAGCACCGGCTAACTACGTG",198,7,34
"GCAGCCGCGCAAATTACCCACTCCCGACTCGGGGAGGTAGTGACGAAAAATAACAATACAGGACTCTTTCGAGGCCCTGTAATTGGAATGAGTACACTTTAAATCCTTTAACGAGGATCCATTGGAGGGCAAGTCTGGTG",0,201,0
"GCAGTAGGGAATCTTCCGCAATGGGCGAAAGCCTGACGGAGCAACGCCGCGTGAGTGATGAAGGGTTTCGGCTCGTAAAACTCTGTTATTAGGGAAGAACAAATGTGTAAGTAACTGTGCACGTCTTGACGGTACCTAATCAGAAAGCCACGGCTAACTACGTG",85,11,104
"GCAGTGGGGAATATTGCACAATGGGGGAAACCTTGATGCAGCCATGCCGCGTGTGTGAAGAAGGCCTTCGGGTTGTAAAGCACTTTCAGCGAGGAGGAAAGGTTGGTAGCTAATAACTGCCAGCTGTGACGTTACTCGCAGAAGAAGCACCGGCTAACTCCGTG",0,0,181
"GCAGTGGGGAATTTTGGACAATGGGGGCAACCCTGATCCAGCAATGCCGCGTGTGTGAAGAAGGCCTTCGGGTTGTAAAGCACTTTTGTCCGGAAAGAAAACGCCGTGGTTAATACCCGTGGCGGATGACGGTACCGGAAGAATAAGCACCGGCTAACTACGTG",133,0,18
"GCAGTGGGGAATCTTGCGCAATGGGCGAAAGCCTGACGCAGCCATGCCGCGTGAATGATGAAGGTCTTAGGATTGTAAAATTCTTTCACCGGGGACGATAATGACGGTACCCGGAGAAGAAGCCCCGGCTAACTTCGTG",112,0,13
"GCAGTAGGGAATCTTTCACAATGGACGAAAGTCTGATGGAGCAATACCGCGTGGATGATGAAGGTTTTAAAGATTGTAAAATCCTTTTATAAGAGAAGAAAAAATAGAACAGGAAATGGTTCTATTCTGATGGTATCTTTTGAATAAGTAACGGCTAACTATGTG",41,35,36
"GCAGTGGGGAATATTGCACAATGGGCGCAAGCCTGATGCAGCCATGCCGCGTGTGTGAAGAAGGCCTTCGGGTTGTAAAGCACTTTCAGCGAGGAGGAAAGGTTGGTAGCTAATAACTGCCAGCTGTGACGTTACTCGCAGAAGAAGCACCGGCTAACTCCGTG",0,0,99
"GCAGTAGGGAATCTTCCGCAATGGGCGAAAGCCTGACGGAGCAACGCCGCGTGAGTGATGAAGGTCTTCGGATCGTAAAACTCTGTTATTAGGGAAGAACAAGTGCGTAGGTAACTATGCGCACCTTGACGGTACCTAATCACAAAGCCACGGCTAACTACGTG",54,0,44
"GCAGTAGGGAATCTTCCGCAATGGGCGAAAGCCTGACGGAGCAACGCCGCGTGAGTGATGAAGGTCTTCGGATCGTAAAACTCTGTTATTAGGGACGAACAAGTGCGTAGGTAACTATGCGCACCTTGACGGTACCTAATCAGAAAGCCACGGCTAACTACGTG",46,0,46
"GCAGTGGGGAATATTGGACAATGGGCGAAAGCCTGATCCAGCCATGCCGCGTGTGTGAAGAAGGTCTTCGGATTGTAAAGCACTTTAAGTTGGGAGGAAGGGCAGTAAGCTAATACCTTGCTGTTTTGACGTTACCGACAGAATAAGCACCGGCTAACTCTGTG",84,0,0
"GCAGTGGGGAATATTGGACAATGGGGGCAACCCTGATCCAGCCATGCCGCGTGAGTGATGAAGGCCCTAGGGTTGTAAAGCTCTTTTGTGCGGGAAGATAATGACGGTACCGCAAGAATAAGCCCCGGCTAACTTCGTG",37,17,24
"GCAGTGGGGAATATTGGACAATGGGCGCAAGCCTGATCCAGCCATGCCGCGTGAGTGATGAAGGTCTTCGGATCGTAAAACTCTGTTATTAGGGAAGAACAAGTGCGTAGGTAACTATGCGCACCTTGACGGTACCTAATCAGAAAGCCACGGCTAACTACGTG",74,0,0
"GCAGTAGGGAATTTTTCACAATGGGCGAAAGCCTGATGGAGCAATGCCGCGTGTTTGATGAAGGCCTTTGGGTTGTAAAAAACTGTTATATGGGAAGAAAAAAGTAAATAGGAAATGATTTACTATTGACGGTACCATATTAGAAAGCCACGGCTAACTACGTG",6,0,65
"GCAGGCGCGCAAATTACCCACTCCCGACTCGGGGAGGTAGTGACGAAAAATAACAATACAGGACTCTTTCGAGGCCCTGTAATTGGAATGAGTACACTTTAAATCCTTTAACGAGGATCCATTGGAGGGCAAGTCTCGTG",0,70,0
"GCAGGCGCGCAAATTACCCACTCCCGACTCGGGGAGGTAGTGACGAAAAATAACAATACAGGACTCTTTCGAGGCCCTGTAATTGGAATGAGTACACTTTAAATCCTTTAACGAGGATCCATTGGAGGGCAAGTCGGGTG",0,69,0
"GCAGTGGGGAATTTTGGACAATGGGGGCAACCCTGATCCAGCAATGCCGCGTGTGTGAAGAAGGCCTTCGGGTTGTAAAGCACTTTCAGCGAGGAGGAAAGGTTGGTAGCTAATAACTGCCAGCTGTGACGTTACTCGCAGAAGAAGCACCGGCTAACTCCGTG",0,0,68
"GCAGTAAGGAATATTGGACAATGGGCGAAAGCCTGATCCAGCCATGCCGCGTGAAGGATTAAGGTCCTCTGGATTGTAAACTTCTTTTATTTGGGACGAAAAAAGGGAATTCTTTCCCACTTGACGGTACCAAGTGAATAAGCACCGGCTAACTCCGTG",33,0,26
"GCAGTGGGGAATATTGGACAATGGGCGAAAGCCTGATCCAGCCATGCCGCGTGTGTGAAGAAGGTCTTCGGATTGTAAAGCACTTTAAGTTGGGAGGAAGGGCAGTTACCTAATACGTAATTGTTTTGACGTTACCGACAGAATAAGCACCGGCTAACTCTGTG",42,0,13
"GCAGTAGGGAATCTTCCGCAATGGACGAAAGTCTGACGGAGCAACGCCGCGTGAGTGATGAAGGTCTTCGGATCGTAAAACTCTGTTATTAGGGAAGAACAAGTGCGTAGGTAACTATGCGCACCTTGACGGTACCTAATCAGAAAGCCACGGCTAACTACGTG",0,0,55
"GCAGTGGGGAATATTGGACAATGGGCGCAAGCCTGATCCAGCCATGCCGCGTGAGTGATGAAGGCCCTAGGGTTGTAAAGCTCTTTTGTGCGGGAAGATAATGACGGTACCGCAAGAATAAGCCCCGGCTAACTTCGTG",52,0,0
"GCAGTAGGGAATCTTCGGCAATGGGGGCAACCCTGACCGAGCAACGCCGCGTGAGTGATGAAGGTCTTCGGATCGTAAAACTCTGTTATTAGGGAAGAACAAGTGCGTAGGTAACTATGCGCACCTTGACGGTACCTAATCAGAAAGCCACGGCTAACTACGTG",25,0,24
"GCAGTGGGGAATATTGCACAATGGGCGAAAGCCTGATGCAGCGACGCCGCGTGAGGGATGACGGCCTTCGGGTTGTAAACCTCTTTCGACAGGGACGAAGCGCAAGTGACGGTACCTGTAGAAGAAGCACCGGCCAACTACGTG",0,39,0
"GCAGTAGGGAATCTTCCGCAATGGGCGAAAGCCTGACGGAGCAACGCCGCGTGAGTGATGAAGGTCTTCGGATCGTAAAACTCTGTTATTAGGGAAGAACAAACGTGTAAGTAACTGTGCACGTCTTGACGGTACCTAATCAGAAAGCCACGGCTAACTACGTG",34,0,0
"GCAGTAGGGAATTTTTCGCAATGGACGAAAGTCTGACGGAGCAATGCCGCGTGAAGGATGAAGGTTTTCGGATCGTAAACTTCTGTTGTAAGGGAAGAACACTTAGTGTAGGAAATGGCACTAAGCTGACGGTACCTTACCAGAAAGCCACGGCTAACTACGTG",0,32,0
"GCAGTAGGGAATATTGGACAATGGGCGAAAGCCTGATCCAGCAATGCCGCGTGAGTGATGAAGGCCTTAGGGTTGTAAAGCTCTTTTACCCGGGATGATAATGACAGTACCGGGAGAATAAGCTCCGGCTAACTCCGTG",30,0,0
"GCAGTGGGGAATATTGGACAATGGGCGCAAGCCTGATCCAGCCATGCCGCGTGTGTGAAGAAGGCCTTTTGGTTGTAAAGCACTTTAAGCGAGGAGGAGGCTACTTGGATTAATACTCTAGGATAGTGGACGTTACTCGCAGAATAAGCACCGGCTAACTCTGTG",29,0,0
"GCAGTGGGGAATATTGCACAATGGGGGAAACCCTGATGCAGCCATGCCGCGTGTGTGAAGAAGGCCTTCGGGTTGTAAAGCACTTTCAGTCAGGAGGAAAGGTGGCTAGCTAATATCTAGTTGCTGTGACGTTACTGACAGAAGAAGCACCGGCTAACTCCGTG",0,0,29
"GCAGTAGGGAATCTTCGGCAATGGGGGCAACCCTGACCGAGCAACGCCGCGTGAGTGAAGAAGGTTTTCGGATCGTAAAGCTCTGTTGTAAGTCAAGAACGGGTGTGAGAGTGGAAAATTCACACTGTGACGGTAGCTTACCAGAAAGGGACGGCTAACTACGTG",0,14,14
"GCAGTGGGGAATATTGCACAATGGGCGGAAGCCTGATGCAGCAACGCCGCGTGCGGGATGACGGCCTTCGGGTTGTAAACCGCTTTCGCCTGTGACGAAGCGTGAGTGACGGTAATGGGTAAAGAAGCACCGGCTAACTACGTG",27,0,0
"GCAGGCGGGCAGATTACCCACTCCCGACTCGGGGAGGTAGTGACGAAAAATAACAATACAGGACTCTTTCGAGGCCCTGTAATTGGAATGAGTACACTTTAAATCCTTTAACGAGGATCCATTGGAGGGCAAGTCTGGTG",0,27,0
"GCAGTGGGGAATATTGGACAATGGGCGAAAGCCTGATCCAGCAATGCCGCGTGAGTGATGAAGGCCTTAGGGTTGTAAAGCTCTTTTACCCGGGATGATAATGACAGTACCGGGAGAATAAGCTCCGGCTAACTCCGTG",0,0,27
"GCAGTGGGGAATATTGCACAATGGGCGCAAGCCTGATGCAGCAACGCCGCGTGAGGGATGACGGCCTTCGGGTTGTAAACCTCTTTTAGTAGGGAAGAAGCGAAAGTGACGGTACCTGCAGAAAAAGCACCGGCTAACTACGTG",26,0,0
"GCAGTGGGGAATATTGGACAATGGGCGAAAGCCTGATCCAGCAATGCCGCGTGAGTGATGAAGGCCCTAGGGTTGTAAAGCTCTTTTACCCGGGATGATAATGACAGTACCGGGAGAATAAGCCCCGGCTAACTCCGTG",26,0,0
"GCAGTGGGGAATATTGCACAATGGGGGAAACCCTGATGCAGCCATGCCGCGTGTGTGAAGAAGGCCTTCGGGTTGTAAAGCACTTTCAGCGAGGAGGAAAGGTTGATGCCTAATACGTATCAGCTGTGACGTTACTCGCAGAAGAAGCACCGGCTAACTCCGTG",0,0,26
"GCAGTGGGGAATATTGCACAATGGGGGAAACCCTGATGCAGCCATGCCGCGTGTGTGAAGAAGGCCTTCGGGTTGTAAAGCACTTTCAGCGAGGAGGAAAGGTTGTTGGCTAATATCCAGCAACTGTGACGTTACTCGCAGAAGAAGCACCGGCTAACTCCGTG",0,0,26
"GCAGTAAGGAATATTGGACAATGGGCGAAAGCCTGATCCAGCCATGCCGCGTGAAGGATTAAGGTCCTCTGGATTGTAAACTTCTTTTATAAGGGACGAAAAAAGGGAATTCTTTCTCACTTGACGGTACCTTATGAATAAGCACCGGCTAACTCCGTG",12,0,10
"GCAGTGGGGAATTTTGGACAATGGGGGAAACCCTGATCCAGCCATCCCGCGTGTGCGATGAAGGCCTTCGGGTTGTAAAGCACTTTTGGCAGGAAAGAAACGTCATGGGCTAATACCCCGTGAAACTGACGGTACCTGCAGAATAAGCACCGGCTAACTACGTG",11,0,10
"GCAGTGGGGAATATTGGACAATGGGCGAAAGCCTGATCCAGCCATGCCGCGTGTGTGAAGAAGGTCTTCGGATTGTAAAGCACTTTAAGTTGGGAGGAAGGGTTGTAGATTAATACTCTGCAATTTTGACGTTACCGACAGAATAAGCACCGGCTAACTCTGTG",20,0,0
"GCAGTGGGGAATCTTGGACAATGGGCGCAAGCCTGATCCAGCAATGCCGCGTGGGTGAAGAAGGCCTTCGGGTTGTAAAGCCCTTTCGGCGGGGAAGAAATCGGTCAGGCGAATAGTCTGGCCGGATGACGGTACCCGCAGAAGAAGCACCGGCTAACTACGTG",19,0,0
"GCAGTAGGGAATCTTCCGCAATGGGCGAAAGCCTGACGGAGCAACGCCGCGTGAGTGAAGAAGGTTTTCGGATCGTAAAGCTCTGTTGTAAGTCAAGAACGGGTGTGAGAGTGGAAAATTCACACTGTGACGGTAGCTTACCAGAAAGGGACGGCTAACTACGTG",0,0,18
"GCAGTGGGGAATCTTGGACAATGGGCGAAAGCCCGATCCAGCAATATCGCGTGAGTGAAGAAGGGCAATGCCGCTTGTAAAGCTCTTTCGTCGAGTGCGCGATCATGACAGGACTCGAGGAAGAAGCCCCGGCTAACTCCGTG",11,6,0
"GCAGTGGGGAATATTGCACAATGGGCGCAAGCCTGATGCAGCCATGCCGCGTGTGTGAAGAAGGCCTTCGGGTTGTAAAGCACTTTCAGTAAGGAGGAAAGGTTAAGTGTTAATAGCACTTAGCTGTGACGTTACTTACAGAAGAAGCACCGGCTAACTCCGTG",0,0,17
"GCAGTAGGGAATCTTCCACAATGGACGCAAGTCTGATGGAGCAACGCCGCGTGAGTGATGAAGGTCTTCGGATCGTAAAACTCTGTTATTAGGGAAGAACAAGTGCGTAGGTAACTATGCGCACCTTGACGGTACCTAATCAGAAAGCCACGGCTAACTACGTG",0,0,16
"TTTTTTTAATGATACGGCGACCACCGAGATCTACACGAGCCTTATCGTCGGCAGCGTCAGATGTGTAAGAGACAGACTCCTACGGGAGGCAGCAGCAGTGGTGGATTTGGGTCTGGTGCCAGCAGCCGCGGTAACGTCTCTTATACACATCTCCGAGCCCACGAGACATGCGCAGATC",0,15,0
"GCAGTGGGGAATATTGCACAATGGGCGCAAGCCTGATGCAGCCATGCCGCGTGTGTGAAGAAGGCCTTCGGGTTGTAAAGCACTTTCAGCGGGGAGGAAGGGTCACTAGTTAATACCTAGTGGCATTGACGTTACTCGCAGAAGAAGCACCGGCTAACTCCGTG",0,0,15
"GCAGTGGGGAATATTGGACAATGGGCGCAAGCCTGATCCAGCCATGCCGCGTGAGTGATGAAGGCCTTCGGGTTGTAAAGCTCTTTCGCACACGACGATGATGACGGTAGTGTGAGAAGAAGCCCCGGCTAACTTCGTG",14,0,0
"GCAGTGGGGAATATTGCACAATGGGGGAAACCCTGATGCAGCCATGCCGCGTGTGTGAAGAAGGCCTTCGGGTTGTAAAGCACTTTCAGCGGGGAGGAAGGGTCACTAGTTAATACCTAGTGGCATTGACGTTACTCGCAGAAGAAGCACCGGCTAACTCCGTG",0,0,14
"GCAGTGGGGAATATTGCACAATGGGCGCAAGCCTGATGCAGCCATGCCGCGTGTATGAAGAAGGCCTTCGGGTTGTAAAGTACTTTCAGCGAGGAGGAAGGGGGAATGGTTAATAACCATTTTCATTGACGTTACTCGCAGAAGAAGCACCGGCTAACTCCGTG",13,0,0
"GCAGTGGGGAATATTGCACAATGGGGGAAACCCTGATGCAGCCATGCCGCGTGTGTGAAGAAGGCCTTCGGGTTGTAAAGCACTTTCAGTAGGGAGGAAAGGGTGAGTCTTAATACGGCTCATCTGTGACGTTACCTACAGAAGAAGGACCGGCTAACTCCGTG",1,0,12
"GCAGTGGGGAATATTGCACAATGGGCGCAAGCCTGATGCAGCGACGCCGCGTGGGGGATGACGGCCTTCGGGTTGTAAAGCACTTTCAGCGAGGAGGAAAGGTTGGTAGCTAATAACTGCCAGCTGTGACGTTACTCGCAGAAGAAGCACCGGCTAACTCCGTG",0,0,13
"GCAGTGGGGAATATTGCACAATGGGCGCAAGCCTGATGCAGCAACGCCGCGTGAGGGACGACGGCCTTCGGGTTGTAAACCTCTTTTAGTAGGGAAGAAGCGAAAGTGACGGTACCTGCAGAAAAAGCACCGGCTAACTACGTG",0,0,13
"GCAGTGGGGAATATTGCACAATGGGCGCAAGCCTGATGCAGCGACGCCGCGTGGGGGATGACGGCCTTCGGGTTGTAAACCTCTTTCGACAGGGACGAAGCTTTTGTGACGGTACCTGTATAAGAAGCACCGGCTAACTACGTG",12,0,0
"GCAGTGGGGAATCTTGGACAATGGGCGCAAGCCTGATCCAGCAATGCCGCGTGGGTGAAGAAGGCCTTCGGGTTGTAAAGCCCTTTCGGCAGGGAAGAAATCGGCGGGGCGAATAACCCTGCTGGATGACGGTACCTGCAGAAGAAGCACCGGCTAACTACGTG",12,0,0
"GCAGTGGGGAATATTGGACAATGGGCGAAAGCCTGATCCAGCCATGCCGCGTGTGTGAAGAAGGTCTTCGGATTGTAAAGCACTTTAAGTTGGGAGGAAGGGCAGTAAGTTAATACCTTGCTGTTTTGACGTTACCAACAGAATAAGCACCGGCTAACTTCGTG",12,0,0
"GCAGTGGGGAATATTGGACAATGGGCGAAAGCCTGATCCAGCCATGCCGCGTGTGTGAAGAAGGTCTTCGGATTGTAAAGCACTTTAAGCCGGGAGGAAGGGCTGTAGGCGAATACCCTGCAGTCTTGACGTTACCGGCAGAATAAGCACCGGCTAACTTCGTG",12,0,0
"GCAGTGGGGAATATTGGACAATGGGCGCAAGCCTGATCCAGCCATGCCGCGTGTGTGAAGAAGGCCTTTTGGTTGTAAAGCACTTTAAGCGAGGAGGAGGCTACCGAGATTAATACTCTTGGATAGTGGACGTTACTCGCAGAATAAGCACCGGCTAACTCTGTG",12,0,0
"CGTCGGCAGCGTCAGATGTGATAAGAGACAGACCCCTACGGGAGGCAGCAGTGATAGACATTAAGCCATAAGTGAGAACTTGACTTAGTTAAAGCTTAGAGGGCCGGTAAAACTCGTGCCAGCAGCCGCGGTAA",0,12,0
"GCAGTAGGGAATCTTCCGCAATGGGCGAAAGCCTGACGGAGCAACGCCGCGTGAGTGATGAAGGTCTTCGGATCGTAAAACTCTGTTATTAGGGAAGAACAAATGTGTAAGTAACTATGCACGTCTTGACGGTACCTAATCAGAAAGCCACGGCTAACTACGTG",0,12,0
"GCAGTGGGGAATATTGCACAATGGGGGAAACCCTGATGCAGCCATGCCGCGTGTGTGAAGAAGGCCTTCGGGTTGTAAAGCACTTTCAGCGAGGAGGAAAGGTGGTTGGCTAATACCCAATCGCTGTGACGTTACTCGCAGAAGAAGCACCGGCTAACTCCGTG",0,0,11
"GCAGTGGGGAATATTGCACAATGGGCGCAAGCCTGATGCAGCCATGCCGCGTGTATGAAGAAGGCCTTCGGGTTGTAAAGTACTTTCAGTGGGGAGGAAGGCGATGGAGTTAATAGCTTCGTCGATTGACGTTACCCGCAGAAGAAGCACCGGCTAACTCCGTG",10,0,0
"GCAGTGGGGAATATTGGACAATGGGGGCAACCCTGATCCAGCCATGCCGCGTGTGTGAAGAAGGCCTTAGGGTTGTAAAACACTTTCAGCGGGGAAGATGATGACGGTACCCGCAGAAGAAGCCCCGGCTAACTCCGTG",10,0,0
"GCAGTGGGGAATTTTCCGCAATGGGCGAAAGCCTGACGGAGCAATGCCGCGTGGAGGTAGAAGGCCCACGGGTCCTGAACTTCTTTTCTCGGAGAAGAAACAATGACGGTATCTGAGGAATAAGCATCGGCTAACTCTGTG",0,10,0
"GCAGTAGGGAATCTTCCACAATGGACGCAAGTCTGATGGAGCAACGCCGCGTGAGTGAAGAAGGTCTTCGGATCGTAAAGCTCTGTTGTTGGTGAAGAAGGATAGAGGCAGTAACTGGTCTTTATTTGACGGTAATCAACCAGAAAGTCACGGCTAACTACGTG",0,0,10
"GCAGTAGGGAATCTTCGGCAATGGACGCAAGTCTGACCGAGCAACGCCGCGTGAGTGAAGAAGGTTTTCGGATCGTAAAACTCTGTTGTTAGAGAAGAACAAGGATGAGAGTAGAAAGTTCATCCCTTGACGGTATCTAACCAGAAAGCCACGGCTAACTACGTG",0,0,9
"GCAGTGGGGAATATTGGACAATGGGGGGAACCCTGATCCAGCCATGCCGCGTGTGTGAAGAAGGCCTTTTGGTTGTAAAGCACTTTAAGCGAGGAGGAGGCTACCTAGATTAATACTTTAGGATAGTGGACGTTACTCGCAGAATAAGCACCGGCTAACTCTGTG",0,0,9
"GCAGTGGGGAATTTTGGACAATGGGCGCAAGCCTGATCCAGCAATGCCGCGTGAGTGAAGAAGGCCTTCGGGTTGTAAAGCTCTTTTGTCAGGGAAGAAACGGTAGAGGCTAATATCCTTTGCTAATGACGGTACCTGAAGAATAAGCACCGGCTAACTACGTG",8,0,0
"GCAGTGGGGAATATTGGACAATGGGCCACAAGCCTGATCCAGCAATTCTGTGTGCACGATGAAGGTCTTCGGATTGTAAAGTGCTTTCAGTTGGGAAGAAGAAAGTGACGGTACCAACAGAAGAAGCGACGGCTAAATACGTG",8,0,0
"GCAGTAGGGAATCTTCGGCAATGGACGCAAGTCTGACCGAGCAACGCCGCGTGAGTGAAGAAGGTTTTCGGATCGTAAAACTCTGTTATTAGGGAAGAACAAGTGCGTAGGTAACTATGCGCACCTTGACGGTACCTAATCAGAAAGCCACGGCTAACTACGTG",0,0,8
"GCAGTGGGGAATATTGCGCAATGGGGGAAACCCTGACGCAGCAACGCCGCGTGAGTGATGAAGGTTTTCGGATCGTAAAACTCTGTCATTAGGGACGATAATGACGGTACCTAATGAGGAAGCCACGGCTAACTACGTG",0,0,8
"GCAGTGGGGAATTTTGGACAATGGGCGCAAGCCTGATCCAGCCATGCCGCGTGCGGGAAGAAGGCCTTCGGGTTGTAAACCGCTTTTGTCAGGGAAGAAACGCTCTGGGCTAATACCCCGGGGTAATGACGGTACCTGAAGAATAAGCACCGGCTAACTACGTG",7,0,0
"GCAGCCAGGAATCTTGCGCAATGGGCGAAAGCCTGACGCAGCAACGCCGCGTGGGCGATGAAGGCCTTCGGGTCGTAAAGCCCTGTTGTCGGGGACGAAGGGCGAAGGGTTAATAGCCCCTAGCCTGACGGTACCCGACGAGGAAGCCCCGGCTAACTACGTG",7,0,0
"GCAGTGGGGAATCTTGCACAATGGGGGCAACCCTGATGCAGCGACGCCGCGTGAGCGATGAAGCCCTTCGGGGTGTAAAGCTCTTTCGACGGGAACGATAATGACGGTACCCGGAGAAGAAGCTGCGGCTAACTACGTG",7,0,0
"GCAGTGGGGAATATTGGACAATGGGCGAAAGCCTGATCCAGCAATGCCGCGTGTGTGAAGAAGGCCTTCGGGTTGTAAAGCACTTTTGTCCGGAAAGAAATGGCTCTGGTTAATACCTGGGGTCGATGACGGTACCGGAAGAATAAGGACCGGCTAACTACGTG",7,0,0
"GCAGTGGGGAATATTGCACAATGGGCGCAAGCCTGATGCAGCCATGCCGCGTGTGTGAAGAAGGCCTTCGGGTTGTAAAGCACTTTCAGTCGTGAGGAAGGTAGTGTAGTTAATAGCTGCATTATTTGACGTTAGCGACAGAAGAAGCACCGGCTAACTCCGTG",0,0,7
"GCAGTGGGGAATATTGGACAATGGGCGAAAGCCTGATCCAGCCATGCCGCATGAGTGAAGAAGGCCTTTGGGTTGTAAAGCTCTTTCAGTGAGGAAGATAATGACGGTACTCACAGAAGAAGTCCTGGCTAACTCCGTG",0,0,7
"GCAGTGGGGAATTTTGGACAATGGGCGCAAGCCTGATCCAGCCATGCCGCGTGCGGGAAGAAGGCCTTCGGGTTGTAAACCGCTTTTGTCAGGGAAGAAAAGGTTCTGGCTAATACCTGGGACTCATGACGGTACCTGAAGAATAAGCACCGGCTAACTACGTG",6,0,0
"GCAGTGGGGAATCTTAGACAATGGGCGCAAGCCTGATCTAGCCATGCCGCGTGAGCGATGAAGGCCTTAGGGTTGTAAAGCTCTTTCAGTGGGGAAGATAATGACTGTACCCACAGAAGAAGCCCCGGCTAACTCCGTG",6,0,0
"GCAGTAGGGAATTTTCCACAATGGGCGAAAGCCTGATGGAGCAATGCCGCGTGATGGAAGACGGTTTTCGGATTGTAAACATCTGTTGTAAGGGAAGAACACTAATAATAGGAAATGATTAATAGCTGACGTTACCTTACCAGAAAGCACCGGCTAACTACGTG",0,6,0
"GCAGTGGGGAATATTGGACAATGGGCGCAAGCCTGATCCAGCCATACCGCGTGGGTGAAGAAGGCCTTCGGGTTGTAAAGCCCTTTTGTTGGGAAAGAAATCCAGCTGGTTAATACCCGGTTGGGATGACGGTACCCAAAGAATAAGCACCGGCTAACTTCGTG",0,0,6
"GCAGTGGGGAATATTGCACAATGGGGGAAACCCTGATGCAGCCATGCCGCGTGTGTGAAGAAGGCCTTCGGGTTGTAAAGCACTTTCAGCGAGGAGGAAAGGTTGATGCCTAATACGTATCAACTGTGACGTTACTCGCAGAAGAAGCACCGGCTAACTCCGTG",5,0,0
"CCTACGGGAGGCAGCAGGCACTTGTGGTGCAGGATTAGAAATGACAAGGACATGGCTGCCTGGACCCAAACCCTGGGGTGGGACCACAAAGCGTGTATTGTTAAGGAGGATCTGTGTG",0,5,0
"GCAGTAGGGAATCTTCCACAATGGGCGCAAGCCTGATGGAGCAACACCGCGTGAGTGAAGAAGGGTTTCGGCTCGTAAAGCTCTGTTGTTAGAGAAGAACGTGCGTGAGAGCAACTGTTCACGCAGTGACGGTATCTAACCAGAAAGTCACGGCTAACTACGTG",0,0,5
"CGGGGGGCAGCAGTGTGTTTAGAGGGTGTGGGAGCAGCGAGCAGGCCTTTCCCACTCAAATGTCCCAACTAAATTCACCCTAGTTAGCACAGGGATAATTGCTGACGAGCTCACTGTG",0,4,0
"GCAGTGGGGAATATTGCGCAATGGGGGAAACCCTGACGCAGCAACGCCGCGTGGGTGATGAAGGTCTTCGGATTGTAAAGCCCTGTTTTCTGGGACGATAATGACGGTACCAGAGGAGGAAGCCACGGCTAACTACGTG",0,0,4
"GCAGTAGGGAATCTTCGGCAATGGACGCAAGTCTGACCGAGCAACGCCGCGTGAGTGAAGAAGGTTTTCGGATCGTAAAACTCTGTTGTTAGAGAAGAACAAGGATGAGAGTGGAAAGTTCATCCCTTGACGGTATCTAACCAGAAAGCCACGGCTAACTACGTG",3,0,0
"GCAGGTCAGAGGAACGGTTTGTTACATTTGGCTACTGGTGGTATTTGTACTGTGGAAGTGGGTTATTTCCGCCGGGTCGGAGCGGGCTTGTTGCACCGTCCCGGCCCGCCACAGCTGAGCAGTTTTCGGGGCTCAACTGGTG",0,3,0
"GCAGGTCCCCCTCAGCCGGTGTAATAATAGCCGGTGACTCATTGCGAACGGCTCCTCAAACGTTGCTGTCTGGAGGGTTTTCAGAGTTCAGATTGGACACGGTTGAACTCGCAGGGGAACGTATGGCCGCAGCGTG",0,3,0
"GCAGTTGGCGTTAGACTCAAGCCAGCAGTTGCACCACTGCTCAAACAAATGCTGCCTCTTTATTCTGGTGTACTGATAAATTTTGCAGTGGAGTTATGCTAACCCTGAACATTTTGGTG",0,3,0
"GCAGTGAGGAATTTTCTGCAATGGGCGAAAGCCTGACAGAGCAATACCGCGTGAGGGAATAAGAAGGCCTATGGGTTGTAAACCTCTTTTCTCAAAGAAGAAGATCTGACGTTATTTGAGGAATAAGCATCGGCTAACCCTGTG",0,3,0
"CTACGGGAGGCAGCAGCAGGAGGAGGAGTTGGAGGGTTTCGACGCAATGCAGACCGACTATACTAAAGGACGCCGCCACAAGTTCCTCATACACCACAAAAACAGGAGCGCTTGTGTG",0,3,0
"GCAGTAAGGAATATTGGTCAATGGGCGGAAGCCTGAACCAGCCATGCCGCGTGCAGGATGACTGCCCTATGGGTTGTAAACTGCTTTTGTCCAGGAATAAACCTAGATACGTGTATCTAGCTGAATGTACTGGAAGAATAAGGATCGGCTAACTCCGTG",2,0,0
